INSERT INTO Alunos
    (MAT, Nome, Endereco, Cidade)
VALUES
    (2015010101, "JOSE DE ALENCAR", "RUA DAS ALMAS", "NATAL") ,
    (2015010102, "JOÃO JOSÉ", "AVENIDA RUY CARNEIRO", "JOÃO PESSOA"),
    (2015010103, "MARIA JOAQUINA", "RUA CARROSSEL", "RECIFE"),
    (2015010104, "MARIA DAS DORES", "RUA DAS LADEIRAS", "FORTALEZA"),
    (2015010105, "JOSUÉ CLAUDINO DOS SANTOS", "CENTRO", "NATAL") ,
    (2015010106, "JOSUÉLISSON CLAUDINO DOS SANTOS", "CENTRO", "NATAL");

INSERT INTO Disciplina
    (Cod_Disc, Nome_Disc, Carga_Hor)
VALUES
    ("BD", "BANCO DE DADOS", 100),
    ("POO", "PROGRAMAÇÃO COM ACESSO A BANCO DE DADOS", 100),
    ("WEB", "AUTORIA WEB", 50),
    ("ENG", "ENGENHARIA DE SOFTWARE", 80);

INSERT INTO Professores
    (Cod_Prof, Nome, Endereco, Cidade)
VALUES
    (212131, "NICKERSON FERREIRA", "RUA MANAÍRA", "JOÃO PESSOA"),
    (122135, "ADORILSON BEZERRA", "AVENIDA SALGADO FILHO", "NATAL"),
    (192011, "DIEGO OLIVEIRA", "AVENIDA ROBERTO FREIRE", "NATAL");

INSERT INTO Turma
    (Cod_Disc, Cod_Turma, Cod_Prof, Ano, Horario)
VALUES
    ("BD", 1, 212131, 2015, "11H-12H"),
    ("BD", 2, 212131, 2015, "13H-14H"),
    ("POO", 1, 192011, 2015, "08H-09H"),
    ("WEB", 1, 192011, 2015, "07H-08H"),
    ("ENG", 1, 122135, 2015, "10H-11H");

INSERT INTO Historico
    (MAT, TurmaID, Frequencia, Nota)
VALUES
    (2015010101, 1, 85, 4),
    (2015010101, 3, 70, 8.15),
    (2015010101, 4, 95, 10),
    (2015010101, 5, 100, 7),
    (2015010102, 1, 85, 8.5),
    (2015010102, 5, 70, 9),
    (2015010102, 3, 75, 6),
    (2015010102, 4, 80, 5.5),
    (2015010103, 1, 90, 9.5),
    (2015010103, 5, 93, 10),
    (2015010103, 3, 86, 9.5),
    (2015010103, 4, 100, 7),
    (2015010104, 2, 90, 2),
    (2015010104, 5, 94, 8),
    (2015010104, 4, 86, 9.5),
    (2015010104, 3, 100, 10),
    (2015010105, 2, 90, 9.5),
    (2015010105, 5, 95, 10),
    (2015010105, 4, 90, 9.5),
    (2015010105, 3, 97, 9.5),
    (2015010106, 1, 94, 8),
    (2015010106, 5, 95, 7.5),
    (2015010106, 4, 90, 8.5),
    (2015010106, 3, 97, 9.5);